Column1,reviewerName,headline,inLanguage,datePublished,reviewBody,ratingValue,business
0,Neil,Very friendly and will go that extra mile,en,2020-02-26T17:31:13Z,"Very friendly and will go that extra mile
The best company I‚Äôve ever used
Not only a great company but also gave me the best deal

OUTSTANDING COMPANY",5,Rockar
1,Lavendranathan,Honestly speaking,en,2020-02-19T19:34:27Z,"Honestly speaking, my first visit to look the land rover Woodford branch ,they missed the opportunity to sell the car to me because their presentation is very poor and the  guy who was presenting to  me he  was not interested in selling the car. The next day I decided to got Westfield. A   girl who presented to me her name was Liyah Nguyen she was very helpful also she got excellent knowledge about land rover she have well dedication and fashion to work car showroom I believe Land Rover Westfield can‚Äôt loose kind this employee.",5,Rockar
2,Nanda,It is very good service,en,2020-02-19T18:39:46Z,It is very good service,5,Rockar
3,Johnson Ozegin,Excellent Customer Service,en,2020-02-19T17:34:56Z,Excellent Customer Service. I had the best experience buying a car. I look forward doing business with them in the future.,5,Rockar
4,Anshuman,Amazing experience,en,2020-02-18T13:17:24Z,"Amazing experience. Staff was very helpful and friendly. 
I will buy again from Rockar if i decide to go for another Land Rover in future.",5,Rockar
5,Charlotte,Brilliant service at Rockar,en,2020-02-16T16:43:27Z,Brilliant service at Rockar. Shah was exceptional. He explained and answered all our questions. We end up buying a car and look forward to the delivery.,5,Rockar
6,Richard,New Evoque ordered,en,2020-02-14T07:37:54Z,"I ordered a new Evoque through Rockar, 1st class service which exceeded expectations.  Most competitive price and friendly staff who are on hand to answer any queries.",5,Rockar
7,Jessica Bradley ,Excellent experience,en,2020-02-07T08:07:57Z,"Phenomenal customer service with a great approach to sales; I have the exact spec that I want, hassle-free and no pressure on add ons. Couldn‚Äôt have been a better experience‚Äî would highly recommend.",5,Rockar
8,Matthew,Superb Experience,en,2020-02-06T10:37:40Z,"From the in person showroom experience where you did not feel pressure or up selling, the personal handover of the car and ease of buying the vehicle online, it made the experience of buying our new car one of the easiest and less stressful we have ever had.",5,Rockar
9,Sally,Fab service,en,2020-01-29T12:43:03Z,Fab service - very thorough.,5,Rockar
10,Ron Hillcoat,Very helpful and attentive staff,en,2020-01-24T21:52:11Z,"Very helpful and attentive staff, made buying a new car easy and good value. Would recommend.",5,Rockar
11,Adeola,Superb service,en,2020-01-24T13:54:55Z,Superb service,5,Rockar
12,Vik,Excellent service,en,2020-01-22T10:41:24Z,"Excellent service, Great communication. Staff very knowledgable. Great experience.",5,Rockar
13,David Bourdon,Brilliant team at Rockcar...would not‚Ä¶,en,2020-01-22T10:22:15Z,Brilliant team at Rockar...would not hesitate to use them.,5,Rockar
14,Mitchell Rowland,Very good,en,2020-01-15T09:21:58Z,Very good.  Very easy process.,5,Rockar
15,Chan,Ben was great!,en,2020-01-12T16:19:29Z,"Ben was great! We went to get a car but it had unfortunately been bought online as we got there; nevertheless the service we revieved from Ben was amazing. Very down to earth and honest, showed us a few others and didn't go for a hard sell. I would highly recommend going here especially if you don't know too much about cars and want things explained in layman's terms.Thank you! This was the the Westfield Stratford city branch.",5,Rockar
16,Reshma,Good dealer,en,2020-01-07T17:15:15Z,Great way to buy a car where you feel like you‚Äôve got a fair deal with proper value for money and all from a really helpful & professional sales-force,5,Rockar
17,Colin Humphrey,A great way to buy a Land Rover and the‚Ä¶,en,2020-01-07T16:35:03Z,A great way to buy a Land Rover and the best price,5,Rockar
18,Marjorie,Excellent customer service,en,2020-01-07T16:09:35Z,Excellent customer service. Kept us informed throughout buying process.,5,Rockar
19,George Peprah,Dealing with Rockar is a quite nice‚Ä¶,en,2020-01-07T14:23:50Z,Dealing with Rockar is a quite nice experience because the staffs have time and patient to listen to your concerns and find a remedy. I will always recommend.,5,Rockar
20,D Parnell,Really pleased with the service so far‚Ä¶,en,2020-01-07T14:10:49Z,"Really pleased with the service so far from Rockar, very prompt response to messages, and clear information provided.  Prices were highly competitive so went ahead with an order. now just a. case of awaiting my new car, and to see how the service is when I take delivery.",5,Rockar
21,simon jones,Great company,en,2020-01-07T12:39:15Z,"Great company, and a refreshing way to buy a car! No pushy sales people etc. Lovely.",5,Rockar
22,Stefan Wallington,Excellent experience throughout the‚Ä¶,en,2020-01-07T12:31:43Z,Excellent experience throughout the process. Car was delivered in excellent condition by a very knowledgable driver who gave an excellent handover and took his time walking us through everything. Rockar made the entire process easy and simple and very quick to complete.,5,Rockar
23,Sooruj,Natalya was very helpful and thoroughly‚Ä¶,en,2019-12-30T09:38:03Z,Natalya was very helpful and thoroughly assisted me in helping to build the ideal car while keeping my specifications in mind,5,Rockar
24,Jummy,Best experience yet in buying a car,en,2019-12-29T18:31:54Z,Best experience yet in buying a car! Enjoyed the relaxed way of discussing my needs with Ben. Left the showroom fully satisfied and looking forward to receiving my car in 2 weeks! Thanks Rockar,5,Rockar
25,horne 3214,The way car buying should be,en,2019-12-23T14:50:32Z,"The way car buying should be, the future of buying a new car.

the best ever experience of buying a new car, every single person whom helped made our experience perfect, from first contact right up until handover.",5,Rockar
26,Ekow,The service was excellent,en,2019-12-23T09:58:21Z,The service was excellent. The sales representative took time to explain issues and gave all the relevant information. The whole process was so smooth.,5,Rockar
27,Robert walsh ,Me and my wife visited Rockar on‚Ä¶,en,2019-12-17T18:04:43Z,"Me and my wife visited Rockar on Saturday to have a look at a Jaguar I Pace we was shown the car by Dorentina a lovely young lady who was very knowledgable about the car, she also arranged for us to have a test drive there and then. After the test drive we came back to the showroom and chose which model and what extras we would like.
All in all a very good experience with no pressure to buy. We look forward to receiving our new car.",5,Rockar
28,David Wren,Best price.,en,2019-12-16T17:06:02Z,Much easier than dealing with a showroom and way cheaper too.,5,Rockar
29,Suhail,Up to now it looks good,en,2019-12-11T15:38:01Z,Up to now it looks good,4,Rockar
30,Mozar St Catherine,The service was very good gggoand friendly,en,2019-12-09T21:38:15Z,The service was very good and friendly,5,Rockar
31,Antony,The service is as good as the store‚Ä¶,en,2019-12-09T17:04:47Z,The service is as good as the store which I led the design of While at Dalziel & Pow :),5,Rockar
32,lavie Drev,Looking forward to upgrading with Rockar,en,2019-12-06T13:21:31Z,"First thing first a massive 5 stars and thank you to Holly , Amy , Carolann, Sally , Siam ( delivery/ handover ) they have been patient, conversational and best advisers.
This is our review : Our local JLR being Rockar Stratford, we went there on a Saturday not quite sure what to expect. 
As soon as we entered the show room we were greeted by a pleasant gentleman who made us feel comfortable. In fairness we didn‚Äôt really have an idea of what we wanted or if we even wanted to buy a new car. 
But that gentleman gave us best advice on which trim , what options we needed ( and not wanted ) according to our budget. 
All paperworks, finances , options were clearly explained, changed and changed again by us but the Rockar team was always understanding.
Siam delivered and did the handover perfectly ,so by the time he left I knew everything I needed to know about our new car.
Anyway here we are , enjoying our new Disco Sport HSE and let me tell you something, we are looking forward to upgrading in 3 years with our Rockar Stratford.",5,Rockar
33,Jon,Brilliant service and super friendly‚Ä¶,en,2019-12-05T08:30:08Z,Brilliant service and super friendly staff,5,Rockar
34,Nigel Cutts,HOLLY AT ROCKSTAR IS A STAR!,en,2019-12-04T16:46:55Z,"I have to say that Holly at Rockar could not have been more helpful during my decision making process in buying a Jaguar XE R HSE. She was terrific from start to finish and I feel quite sorry that she didn't get the business. Sad to say she and my local dealer came up with the same price - and no, neither of them know what the other had quoted. So at the end it came down to ease of location and service in the future. 
Holly - you deserve to go far!",5,Rockar
35,Stephen,Excellent service and great price‚Ä¶,en,2019-12-04T11:53:01Z,Excellent service and great price (without the need to haggle),5,Rockar
36,Keith,Exceptional Service Until Delivery,en,2019-12-02T09:38:00Z,"First time using Rockar and the experience was very good from placing the order until point of delivery that is where the process fell down. Communications with the Rockar team was excellent, knowledgable responses and quick. Unfortunately the process was let down when the car was delivered filthy and a full inspection could not be carried out on the bodywork, had I been returning this vehicle it would not have been in an acceptable condition. The first job I had to do was wash the car, not really good enough when buying a brand new car. If the condition had been better I would have without hesitation given a 5 stars review.",4,Rockar
37,Salma ali ,Customer safety not a priority,en,2019-12-01T10:53:13Z,"Buying a vehicle with Landrover is a big NO. I will also be leaving an in depth review on other social media platforms because I‚Äôve had enough of the tactics they‚Äôve used to force me to keep this car which has spent already 5 times getting repaired in less than a year of me having this ‚Äòbrand new 2019‚Äô car. I have had the most horrific experience of my life with this brand and this was the first and last purchase I‚Äôll ever make with them. I have been given the run around by the brand since the first time there was an issue discovered with my hybrid Range Rover sport. It is unfortunate that such an established brand treats their customers so poorly. I have emails as proof that Land Rover have rejected my request to reject the vehicle when I was well within my rights to do so. So here goes in March I purchased what I believed to be my dream car, the Range Rover sport hybrid. Come April it started to get a bit hot so I needed to use the AC, unfortunately the AC was blowing out hot air. I tried to book into a Land Rover service center but no one was willing to book me in as an emergency they were all telling me they were fully booked and the earliest availability was 2-3 weeks. Fine, I booked in with Lookers chipperfield who said they usually call me in when they had my slot available I was waiting for day‚Äôs and I didn‚Äôt receive a call. I then proceeded to complain about them to Land Rover who reassured me that they‚Äôre deeply sorry but by that time I managed to book in with Aylesbury Land Rover who called me 2 days later telling me ‚Äòwe can‚Äôt really tell what the issue is at this point and we don‚Äôt have a time frame of when this will be resolved as it‚Äôs quite a mess in there‚Äô what?? She basically told me because it‚Äôs a hybrid it‚Äôs quite complicated under the bonnet, I told her to at least give me a courtesy car and she told me Aylesbury didn‚Äôt have any available so I then proceeded to take my car back from them and called the Land Rover Rockar branch where I purchased the car from. I was angry, upset, so many emotions because the AC not working was one problem but to top it off it off the climate screen kept going fully black meaning I couldn‚Äôt control it, so everytime it got steamy In the car I was having to open the window instead of use the climate to clear the windscreen. I then decided the people I got the car from are responsible and should resolve this. I sent them my car, they didn‚Äôt have a courtesy car for me either so I told them to come and take my car when they do have a courtesy car, that was like 2 weeks later anyways, they took the car for a whole week, kept me updated told me they‚Äôd repaired the AC & also the black screen, I was very happy. A few drives later the screen went black again so I had to give the car in for repair ‚ÄòAGAIN‚Äô they brought the car back and told me it should be fixed now we did a module update and it should be fine, to my surprise a few days later again the same issue AND let me tell you about a new issue along with the black screen, the car stopped driving in the overtaking lane on the motorway and when i told head of After Sales about this he wasn‚Äôt at all concerned however he said he‚Äôd look at it. This is a 2019 Range Rover sport hybrid that conked out on the m40 at 11:36pm at night, recovery came and rescued me at approximately 1:45AM, I was standing on the side of the motorway in the freezing cold after midnight in some trees all by myself, I was scared, alone and cold. Yesterday night the exact same thing has happened again to my brother, sister, Aunty and mother who had to be on their way home after rescue. I was told by the head of aftersales at rockar that the cars fuel range software had been updated but my family are stranded in the cold on the m40 regardless. I would also like to add that I asked to reject the vehicle within the 3 month purchase range and he told me I couldn‚Äôt reject it because Jaguar Land Rover rejected my rejection. I am heart broken, I‚Äôve never ever received such horrendous careless customer service in my life. They also said If I was to get through with rejecting the car anyways I would have to pay them for all the mileage I‚Äôve used up on it. I don‚Äôt know if anyone is reading this but please never ever make the mistake of getting a car with Land Rover ESPECIALLY not a hybrid and do not ever think that these people care about you or your safety because they don‚Äôt. They want money and that‚Äôs that! Safety is not a priority for Land Rover. I would post screen shots of all emails where I‚Äôve been told that I can‚Äôt reject the vehicle but I can‚Äôt upload here, if you‚Äôre reading do you think It is fair what I‚Äôve had to go through? With a brand new 2019 Range Rover sport? Although I appreciate the kindness shown from head of after sales at rockar Westfield Stratford I am at a loss for words at the insensitivity of Jaguar Landrover. I won‚Äôt stop at this, I will use every way possible to tell people about this brand and how safety isn‚Äôt a priority to them. Please someone help me, I am paying for a car that is constantly having issues I don‚Äôt want this car it‚Äôs dangerous, I don‚Äôt feel safe anymore and I am scared to drive it. I literally asked them to give me an exchange within the first 3 months and they refused me and forced me to keep a car that is having continuous problems. I have no choice but to take the legal route. Land Rover could care less about customer safety.",1,Rockar
38,Mr Burgess,Great experience,en,2019-11-29T22:30:26Z,"We arranged to test drive two cars and actually drove three
We were then taken to the showroom where we discussed our experience and placed an order
An easy process and a great price
Subsequent to our order we received documents through our on line account
All very easy",5,Rockar
39,J.C,Recommend,en,2019-11-29T07:44:46Z,"Recommend. It was easy to place an order online, and staff are always available to help even though it was done all on their website. They offer very good deals and were very upfront with the details i.e. delivery dates, part-exchange etc. 

I have had no problems so far - order placed and waiting for delivery of the vehicle.",5,Rockar
40,Tony,Very easy system to use.,en,2019-11-27T17:57:11Z,Very easy system to use.,5,Rockar
41,Annette,Amazing service from start to finish.,en,2019-11-26T19:23:34Z,"Amazing service from start to finish.
I personally don‚Äôt enjoy the whole showroom experience so Rockar was perfect for my busy lifestyle. 

Everyone has been amazing but Chris has to have the biggest shout out. Chris finalised my car when he was on annual leave. I can‚Äôt recommend Rockar enough. 

Five Star product with a Five Star service ‚≠êÔ∏èüåü‚ú®",5,Rockar
42,Mo Mayet,I had to cancel my order,en,2019-11-25T13:45:28Z,"I placed an order on a new Jaguar XE HSE at Jaguar Rockar at their showroom at Westfield Stratford on Sunday 17th November.

I haven‚Äôt purchased a Jaguar previously. I have been purchasing a new car every 2 years and have stuck with well-known German brands, Audi, BMW and Mercedes. My current car is an E Class which I return to Mercedes in December.
 
My daughter has been insisting we change from our normal car choice and suggested Jaguar, so we visited the Rockar Jaguar showroom, had booked a test drive in a new E Pace which went well. When we returned to the showroom, my daughter saw the XE on display and said she preferred that. As I had already had a test drive in the day, to not cause any delay I ordered a new XE without test driving to make the process easier for everyone. The Salesperson was brilliant, very helpful and informative, I chose the different payment method and we chose 14th December for delivery as this came up as an option when I paid the deposit. We left the showroom and my daughter was delighted that we had finally switched to Jaguar.
 
On Monday 18th November, I received an email from Rockar Customer Support saying the car will be ready 28th November, what time can I collect the car? I replied explaining I am in the UAE attending the Abu Dhabi Grand Prix, do I have to take delivery on 28th?
 
I later received a reply to say ‚ÄúAs your vehicle the additional stock support discount, you would need to take delivery before the 9th December‚Äù.
 
I have now replied and cancelled my order as I think their behaviour is shocking, I ordered the car one day earlier, chose a date that they gave me as available and now they can‚Äôt deliver on that promise. I was supposed to be in Qatar on the 14th of December to watch the Club World Championships, on Sunday evening after ordering the car, I changed my travel plans and paid for a change to my flights, now flying to Qatar on 15th December.
 
Jaguar Financial services have completed a search on my credit file which lowers my credit score, this should never have taken place if you can‚Äôt deliver the car as promised, no need for a credit search to be completed.
 
Rockar Customer Service called me on Tuesday 19th November to find out what has happened, and to say he can arrange for the car to be delivered as originally promised. When I explained I was very unhappy with what had happened he acknowledged mistakes had been made but failed to understand why I was so unhappy and why I still wanted to cancel. I thanked him for calling, but unfortunately one day too late in my opinion. The two customer service agents emailing me should have picked up the phone and called me but didn‚Äôt, they thought it is acceptable to give me an ultimatum via email. I explained, I can‚Äôt purchase a car from a dealer who have started my experience this way and I was very upset over the whole situation yesterday evening.
 
I have been purchasing new cars every 2 years for over 20 years now and have never come across this sort of behaviour before, and now I know why I have stuck to the brands that deliver the right customer service.

On Thursday 21st November I had another call from someone at Rockar, he apologised for what had happened and I accepted the apology. 
 
Safe to say I won‚Äôt be purchasing a Jaguar now or ever in the future.",1,Rockar
43,customer,Buy your cars here,en,2019-11-20T17:02:50Z,Buy your cars here ! Great service,5,Rockar
44,Malcolm,A great car at a great price.  All good.‚Ä¶,en,2019-11-20T11:08:09Z,"Dealing with Rockar did seem a bit strange at first compared with my earlier experiences buying a Jaguar from more conventional dealers.  Going to see the car in a busy shopping mall seemed odd.  All the online uploads and more done by the customer over the internet also seemed strange and at one stage I did even call Jaguar UK to check that these guys really were an authorised dealer.  However their focus on the customer was strong and I ended up with a great car at a great price, a very fair valuation on my trade in, and delivery to my door.  Spot on.  I would be happy to use them again.  They definitely exceeded my expectations",5,Rockar
45,Andy Rossides,Friendly staff and most helpful,en,2019-11-18T15:06:31Z,Friendly staff and most helpful,5,Rockar
46,Chris Vos,Extremely easy,en,2019-11-16T11:04:23Z,"Extremely easy, transparent and fast. A great model for car sales",5,Rockar
47,Dr. Amun Kalia,Fantastic from start to finish!,en,2019-11-13T15:34:35Z,Fantastic from start to finish! The future of car buying- thanks to all!,5,Rockar
48,John Sayer,As a rule I don't leave reviews,en,2019-11-04T20:43:57Z,As a rule I don't leave reviews . But I think it only fair as in all the years I have dealt with motor traders when buying a vehicle I have to say that Rockar stands out from everyone else .They made things just so easy for me .They kept me in formed every step of the way .When I travelled up to see the motor everyone I meet was 100%and more .After getting the car home I noticed a minor stratch  on the bumper .I thought to myself I will just ring them and straight away the car was taken  in and done .when buying any vehicle in the future I will be using Rockar .And to top it off I found Rockar very very good on there prices I don't think that you would find a car cheaper anywhere else in the country . A REAL BIG THANK YOU TO ALL THE LADS FROM STATFORD,5,Rockar
49,Vidru Daniel Cristian,Seriousneess,en,2019-11-01T17:05:13Z,"Ok 
Indulgence, understanding and great capacity a vote of 10 for the team",5,Rockar
50,James,Holly gave really speedy replies and‚Ä¶,en,2019-10-29T18:50:05Z,Holly gave really speedy replies and best prices around!,5,Rockar
51,MARTIN ROONEY,Good experience,en,2019-10-28T14:43:19Z,"No hassles, easy to business with.
Professional and most importantly I got a deal that I could afford, especially with the reduced interest rate.",5,Rockar
52,Keef,Refreshingly enjoyable experience,en,2019-10-28T14:19:56Z,"Refreshingly enjoyable experience right the way from initial phone call, through purchase, delivery to post-purchase care contact.
Such a good outfit to deal with.",5,Rockar
53,RobD,Fantastic in every way,en,2019-10-28T09:55:07Z,"Amazing service all round.

Buying my new car was so simple. The online documents, help from the team - who were always available, and especially the handover were efficient, professional and gave me peace of mind.

Would definitely recommend and use again.",5,Rockar
54,David Lev,For those about to Rockar... I salute you,en,2019-10-25T08:16:09Z,"Purchasing my car from Rockar was a very pleasurable and smooth experience (much like driving a Jaguar!).

The staff in-store were super helpful and lovely, particularly Ben and Natalia who went the extra mile to help me find the perfect car at a reasonable price.

Massively recommend!",5,Rockar
55,Dean Newman,Smooth experience from online to home delivery,en,2019-10-24T13:28:52Z,"Excellent vehicles, very helpful customer service.",5,Rockar
56,Robin,Seamless Jag I-pace purchase,en,2019-10-22T18:44:53Z,"Just ordered a Jaguar I-pace through Merve at Jaguar Rockar. I like their approach to service - non pushy, let me take the car for a test drive by myself without a sales person telling me about the car through the drive, allowing me to focus on the car and it‚Äôs functions. Would highly recommend. 

Can‚Äôt wait for my car in a few days. 

R",5,Rockar
57,Quinn  Carr,Well played Jaguar Rockar!,en,2019-10-19T07:41:56Z,"very good and proffesional service,they made me aware there would be a delay with the delivery of my car, which was out of there control. Good communication and i am super with my new car! thanks guys!!",5,Rockar
58,JArth,I had a Great customer experience both‚Ä¶,en,2019-10-11T09:30:07Z,"I had a Great customer experience both in store and over the phone. Chris Hall, Amy and the young lady in store were exceptionally helpful. Good customer service. Thank you.",5,Rockar
59,Asif Chaudry,Best Salesman,en,2019-10-10T11:26:14Z,The salesman at rockar had the best car knowledge and experience in delivering my car to the best high standard and leads by example when it comes to sales. He made sure all my needs are full filled from choosing my car until the delivery of my car. Pleasure to do business with the rockar team and will continue my business relationship with them from now on. Thank you once again all at rockar your hard work and efforts are greatly appreciated üëå,5,Rockar
60,Qazi Mumtaz Hussain,Best Customer Experience,en,2019-10-03T12:40:18Z,All Excellent,5,Rockar
61,Helen,Chat function worked really well and‚Ä¶,en,2019-10-01T15:26:15Z,Chat function worked really well and staff replied promptly with good info.,5,Rockar
62,Mr Clive Warren,My father has asked me to write this‚Ä¶,en,2019-09-29T12:38:07Z,"My father has asked me to write this review on his behalf as he is not brilliant with IT, he still cant get his head around he has a new car sitting on the driveway with out going to a show room, let alone how great Rockar Jaguar was. No pressure sales no issues straight forward and easy to deal with, never did he think it possible to buy a car online yet Rockar made this possible and Rich who delivered and done the hand over was great and had loads of time for going through the features and car tech, Rich was a true gent. I would 100% buy again with Rockar what a great way to buy a car. You haven't got to Rock up and buy with Rockar they come to you bringing a better than dealership experience! Even my personal reg was on the car they made that look easy to!",5,Rockar
63,Muibat,Service was brilliant and non-complicated,en,2019-09-26T13:38:06Z,Service was brilliant and non complicated. I am very happy,5,Rockar
64,UK Birmingham ,Excellent experience and love the‚Ä¶,en,2019-09-26T12:29:31Z,Excellent experience and love the online processes,5,Rockar
65,Brian,Great relaxed experience,en,2019-09-24T13:34:21Z,"A relaxed, non-pressurised car purchasing experience with great value deals make Rockar difficult to ignore.",4,Rockar
66,laurence cohen,Ordering a new car from stock was easy‚Ä¶,en,2019-09-23T17:36:42Z,Ordering a new car from stock was easy and the fact that everything could be processed over the internet made it easy.  The stock to choose from was extensive.  When I had a query it was dealt with quickly and accurately,5,Rockar
67,Ed H,Possibly the best customer experience‚Ä¶,en,2019-09-20T18:15:33Z,Possibly the best customer experience I‚Äôve had. The Rockar Jag team were knowledgable and professional throughout. Exceptional service specifically from Holly. Would highly recommend.,5,Rockar
68,Damien,Buying an ex demonstrator,en,2019-09-20T08:37:06Z,Very knowledgeable and great deals with relaxed customer service,5,Rockar
69,Syed,best deal,en,2019-09-17T08:41:15Z,best deal I got after surveying different companies showroom,5,Rockar
70,Ralf,One week on from informing me that the‚Ä¶,en,2019-09-13T13:07:44Z,"One week on from informing me that the car could not be delivered to due a fault, there had been no update. Poor service initially for a brand new vehicle purchase.

Follow up: to give Rockar credit, they called almost immediately after I pointed this out, with a full apology and a plan for improving service. Was impressed with that.",3,Rockar
71,Mark,Very smooth buying process and great‚Ä¶,en,2019-09-10T16:48:21Z,Very smooth buying process and great price - all excellent cant wait to take delivery of my new carüëçüëç,5,Rockar
72,Thana‚Äôa,Fantastic experience,en,2019-09-10T16:23:22Z,"Fantastic experience. Unlike any other car dealership. Very friendly and approachable, good prices and unique business structure that means you don‚Äôt feel pressured into buying. 

I‚Äôm very particular and considering this was my first high-value car purchase, the team were very welcoming of me trying many different options without certainty of me buying. Highly recommended!",5,Rockar
73,Simon,Completely refreshing to deal with‚Ä¶,en,2019-09-06T20:17:02Z,Completely refreshing to deal with Rockar instead of dealing with car salesman trying every trick in the book to maximise their commission. Was not pressurised at all and was given advice that was made not to earn more money out of me. Holly was particularly helpful and all the financials were transparent. Hope this continues to delivery.,5,Rockar
74,Tarwinder,I‚Äôm happy,en,2019-09-04T18:26:58Z,I‚Äôm happy with your service,5,Rockar
75,DaveK Hull,slick and easy to use website,en,2019-09-04T17:57:07Z,slick and easy to use website,5,Rockar
76,Sanjeev,This business is trying to do away with‚Ä¶,en,2019-09-04T16:32:31Z,"This business is trying to do away with human interface and pass on the savings to the customer like a lot of other start ups in high ticket purchases (eg purple bricks and houses). It does well at passing on the savings but..

The online process is ok. For me they may have dehumanised the car buying process too much. It wasn‚Äôt very clear to me what stage I was at and whether I‚Äôd even got the finance approved when I made the order. 

After buying a house, a car is the biggest purchase you‚Äôll make and I‚Äôm not sure a luxury car fitted with an easyJet service works for me. I‚Äôd like one point of contact at the very least rather than 5 I spoke too at various stages of the order.",3,Rockar
77,Alastair,Great experience,en,2019-08-28T16:02:54Z,Great experience,5,Rockar
78,Kim Weatherley,Super easy way to buy an approved Land‚Ä¶,en,2019-08-27T16:20:56Z,Super easy way to buy an approved Land Rover online. Best price and no pushy sales people. Expertly helped when I needed it by Holly to finalise my purchase. Looking forward to my home delivery this week.,5,Rockar
79,Leona,No pushy sales representatives makes‚Ä¶,en,2019-08-20T16:25:03Z,No pushy sales representatives makes the buying process so much more enjoyable. The great discounts and lower Interest rates moves you above the high street main dealers! Very happy customer!,5,Rockar
80,Roger,Ordering process very good,en,2019-08-20T16:13:53Z,Ordering process very good. Will see how collections goes in November. Nice team of people and attentive to phone and emails.,5,Rockar
81,.Rajwinder,Very helping team,en,2019-08-15T15:52:52Z,Very helping team. Much better than some other dealers.,5,Rockar
82,Steve,Nice and easy with good level of advice‚Ä¶,en,2019-08-12T17:55:30Z,Nice and easy with good level of advice and on going support.,5,Rockar
83,Simone Shillingford,Excellent customer service from‚Ä¶,en,2019-08-08T16:55:39Z,"Excellent customer service from Stratford showroom store staff especially Ben. Very knowledgeable, friendly and helpful!",5,Rockar
84,CarBuyerVelar,They were great in service and response‚Ä¶,en,2019-08-08T13:39:41Z,They were great in service and response however they did not honour their CarWow price which is why they don't get the full 5 stars,4,Rockar
85,Taj Dhanda,Best car buying experience to date,en,2019-08-08T09:09:54Z,"Best car buying experience to date, this was simple straight forward and very informative, did not feel any pressure to buy which made me want to buy from them, as I can clearly tell they aren't trying to earn a commission like the main dealers.",5,Rockar
86,lloyd mcintosh,The online configuration tool is very‚Ä¶,en,2019-08-05T17:35:23Z,"The online configuration tool is very easy to use, it enabled me to select exactly what I wanted and how I was going to pay for it, with no pressure and in my own time. Any enquiries were dealt with very quickly by Holly via chat. An excellent experience, would recommend.",5,Rockar
87,J S Bloom,Very efficient service,en,2019-08-05T11:49:34Z,Very efficient service. We felt that we were treated well and the staff response was appreciative and valued our custom,5,Rockar
88,Andrew Abraham ,Professional and efficient company‚Ä¶,en,2019-08-05T09:20:01Z,"Professional and efficient company throughout the process, from ordering to delivery.",5,Rockar
89,Ahmad,Simple and flexible as you like,en,2019-08-02T11:18:42Z,"Very best, simplified and easy way to buy a range/Jag.
I would only suggest that don't be fooled by online or discounted offers, I have searched many options but this rocker online system is the best just because you can choose absolutely what you can afford to buy or pay, and you can compare with any other offer available.
100% best company if you are looking to buy a range/Jag.",5,Rockar
90,Roshni Patel,Great service,en,2019-08-02T10:17:31Z,Great experience with the team! Looking forward to receiving my new car,5,Rockar
91,Marcia Gregory,Excellent service,en,2019-07-27T17:27:43Z,"Excellent service, especially taking time to explain the different features of the car before I purchased it.",5,Rockar
92,Mohammed,Excellent service.,en,2019-07-27T16:08:58Z,Excellent service.,5,Rockar
93,Hiron Miah,Great online service from start to finish,en,2019-07-26T18:40:44Z,"Great service from start to finish, especially the online customer service. I had many queries about the car and process and never did I feel it was too much trouble for anyone to assist me. The actual process of buying the car has been the simplest I‚Äôve ever experienced. I found the staff on site at Rockar Westfield were quite new and couldn‚Äôt answer a lot of the basic questions we had about the cars, which is a bit disappointing when you‚Äôre preparing to spend a large sum of money. Otherwise a great experience.",4,Rockar
94,Sally Martin,Excellent,en,2019-07-26T12:33:54Z,"Excellent , Great communication and easy process , thanks",5,Rockar
95,Henry (Harry) Manley,The showroom sale team is always ready‚Ä¶,en,2019-07-22T15:06:20Z,"The showroom sale team is always ready to respond quickly and answer any questions i may have and very polite and friendly, making the customer feel at ease.",5,Rockar
96,Noel Finn,Holly Coulfield was very helpful and‚Ä¶,en,2019-07-22T14:56:03Z,Holly Coulfield was very helpful and efficient excellent service,5,Rockar
97,James,Great service,en,2019-07-18T11:28:29Z,"Great, fast service",5,Rockar
98,Rotimi,Good service friendly and professional‚Ä¶,en,2019-07-17T23:29:20Z,Good service friendly and professional staffs,5,Rockar
99,Carl,"Straight forward, simple, superb.",en,2019-07-16T18:50:25Z,"Straight forward, simple, and superb service from start to finish.",5,Rockar
100,Scott,Great help when I wasn‚Äôt overly sure‚Ä¶,en,2019-07-16T14:50:07Z,Great help when I wasn‚Äôt overly sure what I was doing . 5 stars for sure üëç,5,Rockar
101,Laura,Fantastic customer service and‚Ä¶,en,2019-07-16T13:11:12Z,Fantastic customer service and incredibly smooth customer experience. Cannot rate highly enough.,5,Rockar
102,Daniel king,Everyone I have spoken too has been‚Ä¶,en,2019-07-16T12:55:20Z,Everyone I have spoken too has been extremely nice and helpful. Thank you,5,Rockar
103,Gillies,Amazing experience really looking‚Ä¶,en,2019-07-14T11:29:43Z,"Amazing experience really looking forward to my delivery, the mix of technology and the personal touch was excellent.",5,Rockar
104,Sean,Really efficient staff,en,2019-07-10T14:05:03Z,"Really efficient staff, helpful and honest. Perfect when you need to sort quickly.",5,Rockar
105,AD ,Excellent service,en,2019-07-08T06:27:25Z,"Excellent service, easy to deal with and kept me informed at which stage the process was at. The staff are friendly and knowledgeable and I would buy another car via Rockar based on the experience I have had with them.",5,Rockar
106,Customer,A professional and friendly service was‚Ä¶,en,2019-07-04T14:31:57Z,A professional and friendly service was received from beginning to end. I would highly recommend this company.,5,Rockar
107,Neil fisher,great service as always,en,2019-07-01T17:18:43Z,great service as always,5,Rockar
108,Dan B,"Extremely helpful, Seamless experience",en,2019-07-01T14:32:06Z,Extremely helpful and seamless experience,5,Rockar
109,Paul,Good experience so far.,en,2019-06-28T14:38:20Z,Good experience so far although i do not get the car until November.,5,Rockar
110,customer,Great service and prices,en,2019-06-28T14:09:42Z,Great service and prices,5,Rockar
111,Mike McGrane,Could have been 5 out of 5,en,2019-06-26T09:49:09Z,"The Car Purchase was seamless, but unfortunately they failed with the Handover & the After-sales. eg

PDI not carried out to standard on the vehicle,. Crack on rare bumper, stone chips on bonnet. 
No, Seven-day driveway Insurance, because JLR offices where close on date of collection, Found out later that this could have been done online through Rockar.
Outstanding JLR Campaign's on the vehicle, which required the vehicle to be booked back in. 
Not all the outstanding campaigns was carried out. Still waiting for After-sales to at least acknowledge my last email in regard to the Outstanding Campaigns. 
Limited range of courtesy cars available. Was entitled for alike for like, but ended up with a Combustion Engine car.
Despite all the above issues. Would purchase through them again.
Just hope they take this review onboard. All these issues could have been avoidable.",3,Rockar
112,Nat,excellent service,en,2019-06-25T11:33:25Z,Seamless  process in ordering a brand new car,5,Rockar
113,Umar Iqbal,Excellent customer service by Daniel,en,2019-06-22T14:39:38Z,"Test drove the new Evoque, excellent customer service provided by the two Daniel's. The first Daniel drove the car outside the car park for us and even picked us up afterwards. The second answered all my questions until I was satisfied with the responses. Both gents were very polite and helpful. A real pleasure. Looking forward to going back to test drive the new E pace next week.  Thank you.",5,Rockar
114,Mr Manjit Kumar,excellent service provided throughout‚Ä¶,en,2019-06-21T17:07:30Z,excellent service provided throughout the whole of the car buying process,5,Rockar
115,David,Car soon to be delivered,en,2019-06-21T15:32:09Z,"Car soon to be delivered.  So far, everything has been perfect.  Big thank you to Christian and all his team.",5,Rockar
116,Adam markson,Nice idea but pretty unresponsive.,en,2019-06-21T12:41:38Z,Good idea but actually quite unresponsive and a number of issues.,3,Rockar
117,Steve High,A very easy process,en,2019-06-21T11:28:17Z,A very easy process. No pressure and honest pricing. Finance and trade in costs are offered openly and without deciept. This has enabled me to get what I consider to be a very fair deal.,5,Rockar
118,Adrian,Great modern way to buy a car!,en,2019-06-21T11:15:21Z,Great modern way to buy a car!,5,Rockar
119,Fabio De Lima - Novilho De Ouro,IT WAS ALL FAST AND GOOD !!!,en,2019-06-19T12:01:07Z,IT WAS ALL FAST AND GOOD !!!! I'M HAPPY,5,Rockar
120,Viktor,Staff was professional and helpful,en,2019-06-18T19:10:21Z,"Staff was professional and helpful. Buying a car was an easy, fast and seamless experience. Great Jaguar dealer!",5,Rockar
121,Leanne,Amazing service and so quick,en,2019-06-15T11:41:24Z,Amazing service and so quick! I had my new Discovery sport within a week of placing my order!,5,Rockar
122,manjit kumar,First class customer service,en,2019-06-14T18:56:57Z,"First class customer service, test drive of car excellent swayed my decision to buy",5,Rockar
123,Didier,Great service,en,2019-06-14T08:37:06Z,"Great service, no pressure to take a decision, great delivery service",5,Rockar
124,Obinna,Staff was good and helpful,en,2019-06-03T18:32:51Z,Staff was good and helpful,5,Rockar
125,Mr Benjamin Shahzad,I have very satisfied with Rocker there‚Ä¶,en,2019-05-29T08:25:12Z,"I have very satisfied with Rocker there service was great but not excellent
Just couple of thing to improve on
1) there was no sit down place in the store to go though the option when making a purchase I do understand if you just exploring then it fine to stay stand and go through options but if you are going ahead with purchase then may it‚Äôs good idea to take People to the back room and sit down and go through with options

The small office on the car park was good idea and helpful
The the customer service was good",4,Rockar
126,Robert Jones,Very efficient and friendly staff,en,2019-05-24T15:34:25Z,"Very efficient and friendly staff 
Robert Jones",5,Rockar
127,Barry,Never been easier to spend a fortune :),en,2019-05-24T09:45:19Z,"Never been easier to spend a fortune :)

Great people to deal with, always there to helps, and the end to end process is as simple and straight forward as it gets. If only the rest of life was this simple! :)",5,Rockar
128,Oluwatoyin,Great experience,en,2019-05-22T13:24:30Z,"Good afternoon,

Great shopping experience and easy processes till the end.

Many thanks.",5,Rockar
129,Stacy Benson,Excellent Customer Service Thanks Natalia and Olly,en,2019-05-22T05:24:22Z,"I want to say a HUGE thank you to Natalia and Olly who have both been extremely helpful. I was on the verge of purchasing a Range Sport only to have it swept away from underneath me by another prospective buyer. However fete always plays a hand and they both sourced me an even better specification of the car I wanted and provided me with an unbeatable deal. They have offered excellent customer service and both were very helpful, supportive and friendly and made the whole process of purchasing a breeze. Thanks again to the whole Rockar Team. I love my new car.",5,Rockar
130,Tim,Early days but very happy so far.,en,2019-05-21T15:24:38Z,Early days but very happy so far.,5,Rockar
131,Amre husseini ,Great Customer Centric team,en,2019-05-21T11:46:58Z,"Holly and Amy have been so patient, supportive and understanding. Trying their utmost to help me find the right car and then overcome financing issues. Truly a pleasure to work with them both.",5,Rockar
132,Jason ,Dealt with Christian extremely helpful‚Ä¶,en,2019-05-19T16:24:11Z,Dealt with Christian extremely helpful great service and easy to deal with.,5,Rockar
133,Wayne,Excellent service every step of the way,en,2019-05-19T15:35:59Z,Excellent service every step of the way. Thank you,5,Rockar
134,Chix,The team make buying a car a simple‚Ä¶,en,2019-05-09T16:35:00Z,The team make buying a car a simple process,5,Rockar
135,Mag,Great experience,en,2019-05-08T18:57:44Z,"Great guys, very friendly and knowledgeable. I was buying my first car, had no idea what certain things were and would I need it. They have explained everything I wanted to know, gave options.",5,Rockar
136,Neil,Really helpful and considerate staff,en,2019-05-07T15:39:11Z,Really helpful and considerate staff. Great that there was no need for negotiation as the best price was already offered. The most pleasant car-buying experience I have ever had.,5,Rockar
137,Ian,Customer service in store was good but lead time misleading....,en,2019-05-07T13:41:05Z,"Customer service in store was good. However, lead time was almost doubled from 12 to 20 weeks, after we had paid our deposit! We found this extremely poor and misleading, especially as we are expecting our first child in July, hence the need for a more appropriate vehicle.",3,Rockar
138,Alastair,Excellent service from start to finish‚Ä¶,en,2019-05-07T08:51:16Z,Excellent service from start to finish and a great option compared to the traditional dealer network. First class,5,Rockar
139,Charles Walker,A truly excellent experience from‚Ä¶,en,2019-05-06T18:54:43Z,"A truly excellent experience from initial call to collection of car. A real concierge service, that I'll willingly recommend.
Hopefully the after sales service matches.",5,Rockar
140,Ed,Fantastic customer service,en,2019-05-06T10:11:16Z,"Fantastic customer service, value for money and a very easy transaction. Thank you team Rockar!",5,Rockar
141,Roy,Really easy and hassle free purchase,en,2019-05-03T13:59:24Z,"Really easy and hassle free purchase, from selection, order processing to home delivery.
All stages are clear and transparent, the communication and website is really easy to access and navigate.
The staff are knowledgeable and energetic!
Very efficient transaction!
Roy",5,Rockar
142,TM,Used Rockar previously to purchase my‚Ä¶,en,2019-05-03T12:55:20Z,"Used Rockar previously to purchase my RR Evoque. This time I worked with Natalia,  who was fantastic with her support and help in what extras would be great. So I would really recommend meeting with her, to discuss all options with purchasing. 
Rockar makes life easier, clarity, ease of purchase and communication was great, I HAD previously gone to a LandRover dealer in East London and was 'served' by one of their reps and I found the service left alot to be desired. So well done Rockar ! Thru NATALIA you have made me a happy customer. Again :-)",5,Rockar
143,ANTHONY,Simply Amazing,en,2019-05-01T12:03:48Z,"Amazing experience, from test drive to purchase, hassle free and straight forward. Highly recommended definitely a much better way to purchase a car.",5,Rockar
144,Tim Hansell,These guys are the way forward,en,2019-04-20T15:10:26Z,These guys are the way forward - forget your local dealers who will only give you a good deal begrudgingly and after multiple painful visits. Thoroughly recommend Rockar LR,5,Rockar
145,Andrew,Excellent and easy process,en,2019-04-16T14:26:18Z,"Excellent and easy process. Team provided great advise and support with no pushing to buy or upgrade, which is totally opposite to normal dealers. Online process allows easy updating of the status and to access, download and sign documents before uploading again. Very simple but extremely effective, feels very comfortable and in control of what is a large personal purchase. I am converted to this new car buying process.",5,Rockar
146,Jimaan,Just a quick note to say thank you.,en,2019-04-16T14:05:23Z,"Just a quick note to say thank you.

The car arrived yesterday and I am really happy with it and the whole experience I have had with Jaguar and Rockar so far.",5,Rockar
147,Ruel Khair,This is how car buying should be!!!,en,2019-04-15T11:06:03Z,"We had the pleasure of dealing with Daniel and Natalia at Rockar, Stratford Westfield.
From walking in through the door to completing our order, we was treated with absolute professionalism and received fantastic customer service.
There were no pushy sales tactics.
Both Daniel and Natalia knew their stuff and made us feel totally at ease, taking time to explain everything and also guiding us through the entire process of the order.
It has been a great experience so far and I would definitely recommend Rockar.",5,Rockar
148,Surrey mum ,Really helpful no pressure‚Ä¶,en,2019-04-15T09:52:45Z,Really helpful no pressure conversation. They took the time.,5,Rockar
149,Andy Bartlett,The future is here!,en,2019-04-11T14:09:42Z,This was but far the best experience that I‚Äôve ever had in buying a vehicle. A simple and easy process from start to finish. I have no hesitation in recommending Rockar. Thank you.,5,Rockar
150,Majid,Excellent experience,en,2019-04-11T08:58:14Z,"I am very pleased with the service, professionalism of the staff and the quality of the car (Jaguar XF), thank you.",5,Rockar
151,Graham Curry,Poor communication with me,en,2019-04-10T16:54:24Z,"Poor communication with me , don't know why, guess they must have staff of on the sick",1,Rockar
152,Antonio ,Extremely helpful,en,2019-04-07T07:36:19Z,"Extremely helpful, easy process in buying a car. Rockar is the future in car buying",5,Rockar
153,Adam,Great service!,en,2019-04-04T09:36:09Z,Great service!,5,Rockar
154,ND,Best car buying experience ever,en,2019-04-01T17:17:38Z,"My Jaguar F Pace arrived on Saturday and I couldn't be happier. This is best experience I've ever had of buying a car. I walked out of another Jaguar dealership a few weeks ago, feeling flummoxed by the finance deal that was offered and all the 'add ons' they were trying to sell me. I came across Rockar from an ad in Ad Trader and I'm so glad I did. From the first phone call to the follow up after delivery, it's been fantastic. They haven't tried to sell me gap insurance or paint cover or wheel cover or anything else I didn't want. They've responded to any queries I've had very quickly and efficiently. Delivery happened when they said it would and I was walked through all the controls and all my questions were answered. It was very smooth and I got a really good deal. I couldn't be happier!",5,Rockar
155,Victoria ID,Excellent service great communication‚Ä¶,en,2019-03-31T11:11:08Z,Excellent service great communication great deal compare to direct dealer can‚Äôt wait for my evoque.,5,Rockar
156,Jose,All very positive,en,2019-03-29T11:46:17Z,All very positive.  People are very friendly and always looking for solutions. Thanks,5,Rockar
157,customer,Deal with a gentleman called Will,en,2019-03-28T13:09:52Z,Deal with a gentleman called Will. Extremely responsive and helpful. Always called when he said he would and on line check out process was v smooth. Highly recommend,5,Rockar
158,Eta,From my initial informal telephone‚Ä¶,en,2019-03-27T10:32:51Z,"From my initial informal telephone conversations, right up to actually placing the order, has been an absolute pleasure - especially dealing with Chris.",5,Rockar
159,Sumandip Khaira,Great team in the store.,en,2019-03-27T10:04:20Z,Great team in the store.,5,Rockar
160,Angela Cartwright,An overall great buying experience!,en,2019-03-26T16:14:12Z,An overall great buying experience!,5,Rockar
161,Ishmoil,Could have done more,en,2019-03-25T12:22:35Z,Could have done more,1,Rockar
162,Michelle,Effortless. 5* buying process.,en,2019-03-25T10:02:38Z,"I recommend Rockar to anybody who is interested in buying a new Land Rover Jaguar, the team are very pleasant to chat to, very informative and polite. Effortless buying process!!",5,Rockar
163,Fouad Haghighat,Had a smooth experiecne with Rockar,en,2019-03-20T15:13:05Z,"Had a smooth experiecne with Rockar, so far so good. I would recommend if you want a Land Rover and massive savings!",5,Rockar
164,Steve,Happy bunny!,en,2019-03-19T10:16:08Z,"Ok, so I didn't even have to leave home. Deal was done by email and telephone, did my research, configured my car, sent those details to Rockar and they did the rest.",5,Rockar
165,Dilwara Begum,Vasiliana was a star,en,2019-03-12T12:05:56Z,"Vasiliana was a star, although we didn't manage to purchase a car, but i would def recommend her to friends and family in rockars. She had run through cars thorough and was very patient and informative and her customer service approach was A1! She was excellent!",5,Rockar
166,Paul,Excellent customer service,en,2019-03-07T14:00:13Z,"Excellent customer service.  Very pleased with all my interactions with Rockar from initial quote through to the ordering process.  Due to a change in circumstances I had to cancel my order, this was processed quickly and with care - deposit returned within 3 days.  Excellent communication and consideration throughout.  Will definitely deal with them again.",5,Rockar
167,Howard,The purchase of my new car was made‚Ä¶,en,2019-03-06T20:19:50Z,The purchase of my new car was made stress free by the staff at Rockar and I have already recommended them to a friend,5,Rockar
168,Amina,Wonderful service,en,2019-02-28T08:54:04Z,"Wonderful service, a lady called Lauren was extremely helpful. To be honest it was because of Lauren we felt comfortable and her service skills were beyond words. Thank you Lauren",5,Rockar
169,Frances,My experience has been great from start‚Ä¶,en,2019-02-27T18:43:28Z,"My experience has been great from start to finish. Chris was very helpful and informative and made the experience smooth and exciting! Also, best price around!!",5,Rockar
170,Andy,Great price and super easy,en,2019-02-11T19:55:51Z,Great price and super easy,5,Rockar
171,Sarah Enebeli,You don't take people's money just to‚Ä¶,en,2019-02-09T12:00:08Z,You don't take people's money just to end up declining their finance application and then take forever to return their money.,1,Rockar
172,Philip Yeung,Very speedy with their response,en,2019-02-02T13:08:08Z,"Very speedy with their response,  and price is very reasonable.  The online system is a great idea,  and have so much potential to improve in the future.  

Regards 

Phil",5,Rockar
173,Anita,Seamless way to buy a car,en,2019-02-01T14:02:32Z,"Natalia and Claudia know their stuff. Their product knowledge and enthusiasm for the cars is absolutely first rate and they both  do the brand proud.   They expertly guided me through all the options, being really honest about what was worth having and what options were superfluous to my needs. (No heavy push or cunning underhand sales tactics).  

Pricing is completely transparent and when I tried to beat it by seeking competitive quotes from other dealers - the other dealers couldn‚Äôt. 


Everything about buying through Rockar is seamless.  The test drive booking process and experience works on your terms and is so convenient. Their opening hours reflect the real world of today‚Äôs consumers. 

As long as the servicing experience lives up to the sales you‚Äôll have a very happy customer for life.",5,Rockar
174,Tom Frame,Simple process and great car prices,en,2019-01-24T16:28:08Z,Simple process and great car prices,5,Rockar
175,AH,Great service nad very simple process,en,2019-01-24T15:30:54Z,Great service and very simple process,5,Rockar
176,Falconmick,Extremely low PX valuation.,en,2019-01-23T18:37:52Z,"Intended to order online, but got a PX valuation approx ¬£5,000 less than anywhere else. Proceeded no further.",1,Rockar
177,Ferenc,I think this retailer the best choose‚Ä¶,en,2019-01-17T16:07:32Z,I think this retailer the best choice to buy car. Very simple and outstanding customer service. I can recommend to everyone.,5,Rockar
178,Alan,Brilliant dealership,en,2019-01-16T10:10:17Z,"Brilliant dealership, the most friendly and non pushy people.

The test drive was, take the car out for a spin and come back when your ready,  they have done the best deal and beaten other Jaguar dealerships by miles !!!!!

Car is being delivered to me Friday, cant wait !!


-Alan",5,Rockar
179,Dan,I dealt with Holly & Chris who were‚Ä¶,en,2019-01-10T11:23:01Z,"I dealt with Holly & Chris who were absolutely amazing. They got me the deal i wanted and was very happy with how friendly they were to deal with, and how easy the process was. I've been a Range Rover customer for years now, and whilst i love the cars, i have found customer service somewhat lacking. However, the Rockar team have been first class and i would thoroughly recommend them.",5,Rockar
180,John,Excellent Customer experience so far..,en,2019-01-08T09:37:33Z,Excellent Customer experience so far... Same as last time a bought a car through Rockar.,5,Rockar
181,John Walker,new Evoque,en,2019-01-04T20:10:50Z,"Excellent knowledge and very helpful and honest with the advice 
User friendly website and easy to follow with the support of Chris who was extremely helpful",5,Rockar
182,stuart,Simple and easy way to buy,en,2019-01-04T09:22:07Z,"Simple and easy way to buy.  Great price and the process on-line is easy.  

Once you've decided on the car then try Rockar.",4,Rockar
183,Mark,easiest experience buying a car I have‚Ä¶,en,2019-01-02T09:32:48Z,easiest experience buying a car I have ever had!,5,Rockar
184,JC,Taking the pain out of car purchasing,en,2018-12-19T11:08:36Z,"The ‚ÄòYoudrive‚Äô Test drive was easy to organise and spending an hour with the vehicle was ideal. Ordering was also straightforward. 
Had a call soon after ordering to take me through next steps",5,Rockar
185,Mr Michael Burgess,Such a simple way to buy a car,en,2018-12-18T16:16:11Z,Such a simple way to buy a car,5,Rockar
186,Katie,Best Deal & Best Customer Service,en,2018-12-05T11:04:04Z,"Will and Holly politely and willingly answered my barrage of a million questions over days and days in order for me to select the right car for our family. Professional, friendly, helpful and the cheapest out there too! Great service all round.",5,Rockar
187,GH,Great website!,en,2018-12-04T22:48:20Z,Great website!,5,Rockar
188,Derek Ellbec,A great company to deal with.,en,2018-12-04T13:30:50Z,A great company to deal with.,5,Rockar
189,Phil C,Very positive,en,2018-12-04T11:28:31Z,"Very positive, with a good px process - nice not to have to drive 50+ miles to have it valued!",5,Rockar
190,Claire Harrison,Really helpful and friendly,en,2018-12-04T10:51:38Z,Really helpful and friendly,5,Rockar
191,Catherine,Very good service from the staff,en,2018-12-03T12:04:54Z,Very good service from the showroom staff. Not pushy and they knew everything about Jaguar and Range Rover. Would definitely recommend.,5,Rockar
192,Derick,New buying experience,en,2018-11-30T11:44:22Z,A very different experience to buying a car. All done online without visiting dealership. Great assistance received from Chris throughout. Definitely saved a lot of time compared to buying a car the traditional way.,5,Rockar
193,Trevor,Staff very professional and respond‚Ä¶,en,2018-11-29T17:35:58Z,Staff very professional and respond promptly to all my queries. Taking delivery in approx. 10 days. Dealt with Holly and fee confident the handover will be equally excellent.,5,Rockar
194,Chowdhury,Excellent customer service,en,2018-11-29T11:23:56Z,I‚Äôm really impressed about their service. I would recommend this company to anyone.,5,Rockar
195,Darren Raynor,Great buying concept with Rockar.,en,2018-11-29T10:09:36Z,"Great friendly service, easy & comprehensive online ordering system, with easy to use and enjoyable interface. 
No more snobby car salesman! 
Great showroom with YouDrive test drive service. 
Good to know your discounts are set up front without the need for to and throw bargaining. 
Just ordered my car and not sure if my finance has been accepted as it is unclear, perhaps then my only piece of feedback would be more clarity on this a the point of ordering. 
Other than that it‚Äôs been a pure pleasure. Thank You.",5,Rockar
196,Mr Kelechukwu Ihemere,An excellent car buying experience,en,2018-11-27T13:17:05Z,"This is my first experience purchasing a car through online sales. I have always used a local dealership. It was a pleasant surprise to me at how Rockar made it very easy, professional and straightforward. Thank you for opening my eyes to a new way of car buying.",5,Rockar
197,Raymond,Rockar service,en,2018-11-26T13:34:33Z,Great service,5,Rockar
198,Nadia,The staff were experienced GOOD‚Ä¶,en,2018-11-23T14:57:49Z,"The staff were experienced GOOD customer care and services knowledgeable enjoyed my test drive would love to stay in touch with marketing 

Many Regards 

Nadia noel",5,Rockar
199,Martin Knight,A new way to buy a new car!,en,2018-11-21T11:35:55Z,Such an easy and new way to find and buy a car. I can‚Äôt thank the team enough for all the help and support they provide. As a customer I didn‚Äôt feel pressured and there is no need to worry about haggling. They are there to help you make the correct choice and there should be more dealerships like Rockar.,5,Rockar
200,Anthony,Great service!!,en,2018-11-15T10:51:01Z,"The best car buying experience ever! Best rates, fantastic customer services!! Very transparent",5,Rockar
201,Liam,Great experience with staff who were‚Ä¶,en,2018-11-13T18:41:04Z,"Great experience with staff who were friendly, helpful and able to offer great prices. Fully reccomend.",5,Rockar
202,Ramcy,Rokcar review,en,2018-11-12T11:45:31Z,Staff are helpful.,4,Rockar
203,Warren,Amazing to deal with,en,2018-11-09T13:33:28Z,"Amazing to deal with, the web experience is spot on..
thoroughly recommended..",5,Rockar
204,Neil Morgan,Car buying without the hassle,en,2018-11-09T08:50:32Z,"Having just taken delivery of my new Jag XE I can honestly say this was the best, transparent  and easiest car buying experience I have ever had across all manufacturers. Their website was easy to use to allow you to tailor your car and finance. No need for hour long appointment to sign paperwork at the dealer. Amy, Chris and the team were always on hand on the phone for any queries and no being kept on hold either while the salesperson is ‚Äòseeing other customers‚Äô. Car even arrived a few weeks early which was great. Delivery of my car was convenient and fitted around me. Absolutely amazing and refreshing customer service. Well done for raising the bar.",5,Rockar
205,B O,Excellent customer care,en,2018-11-06T14:21:02Z,Excellent customer care.... Very patient .,5,Rockar
206,Alan,Hassle free,en,2018-11-06T14:13:05Z,"If you know exactly what it is you want, I couldn't think of a better way of buying a new car from the comfort of your own home. No hassle, no salesman pressure to include extras you don't want or need.",5,Rockar
207,Harjit Chahal,Great price and easy to use website for‚Ä¶,en,2018-10-29T12:18:11Z,Great price and easy to use website for ordering process look forward to delivery of my new car.,5,Rockar
208,Izabella,The Brand ambassador (Hasret) that‚Ä¶,en,2018-10-29T09:37:51Z,The Brand ambassador (Hasret) that attended to us is a Star*. She made the heculian task of choosing seem like a walk in the park.,5,Rockar
209,HU5N41N 786,Good,en,2018-10-29T08:12:18Z,Nice service will go again,5,Rockar
210,Brian,a really excellent way of buying,en,2018-10-25T09:42:41Z,"a really excellent way of buying, A no hassle experience, friendly staff to assist when needed, thank you  Rockar......",5,Rockar
211,"Customer, never returning customer. ",Excellent communication,en,2018-10-23T09:58:35Z,Excellent communication. Superb service. Explained everything I needed and met all my expectations. I bought a car!,5,Rockar
212,Georgiana,Great service and easy to purchase.,en,2018-10-23T09:54:49Z,Great service and easy to purchase.,5,Rockar
213,Ian,Great service and support,en,2018-10-20T19:38:41Z,Great service and support,5,Rockar
214,John Benson,Can't recommend highly enough.,en,2018-10-17T07:07:24Z,"Can't recommend highly enough.
Holly was amazing from start to finish and secured me the best deal. Blew all other Land Rover dealerships out of the water. First class all the way. Highly recommended.",5,Rockar
215,Sharron Richards,On the whole a brilliant way to buy a‚Ä¶,en,2018-10-15T19:30:31Z,On the whole a brilliant way to buy a car and the team could not be more helpful. Could do with more material on the website. Otherwise excellent.,4,Rockar
216,Mr Simon Thompson,Will made me feel very comfortable and‚Ä¶,en,2018-10-15T10:39:28Z,"Will made me feel very comfortable and at ease with the whole process. 


Regards

Simon Thompson",5,Rockar
217,Tushar Mamtora,Great service and easy to purchase,en,2018-10-12T11:14:06Z,Great service and easy to purchase. All transparent.,5,Rockar
218,Mr B,Well worth a visit,en,2018-10-11T19:03:56Z,"A very good experience in ordering my new vehicle at the store, I got exactly what I wanted with ease. Professional and curtious staff with good knowledge of the products they are selling.",5,Rockar
219,KJ,Excellent experience,en,2018-10-11T15:03:17Z,"Excellent experience, straight forward, friendly staff and I ended up buying an F pace which I was after since long and was looking for good deal which Rockar did. Thanks.",5,Rockar
220,Tim,Great Service  !,en,2018-10-10T14:32:16Z,Great Service  !! will buy from them again .,5,Rockar
221,Trevor,Would not buy a vehicle from here again!,en,2018-10-07T20:24:16Z,Awful customer aftercare. Don‚Äôt care if your brand new Range Rover has faults.,1,Rockar
222,Sunny ,Shocking dealership,en,2018-10-06T10:28:01Z,Shocking dealership. Needs to be shut down,1,Rockar
223,susanne,Rockar were outstanding from the first‚Ä¶,en,2018-10-05T10:54:22Z,Rockar were outstanding from the first contact I had to the safe delivery of my car. It arrived with a little issue and they took it straight back and corrected everything. I wouldn't hesitate to recommend them and will definitely use them again. Thank you Rockar for restoring my faith in car sales!,5,Rockar
224,Mr Aggarwal,Thank you customer service .,en,2018-10-04T18:21:22Z,"Thank you customer service who saved the day .
There was an issue with the finance caused by sales staff .
Otherwise all went very well .
No waiting for new car 
Would use them again",4,Rockar
225,Huy  Vu,Easy and useful,en,2018-10-03T22:13:20Z,Easy and useful. Great help üëåüèΩ,5,Rockar
226,Jackie Ann,A Very good professional service,en,2018-10-02T16:16:02Z,A Very good professional service . Staff amazing & so helpful .,5,Rockar
227,John,Impossible to review at this time,en,2018-10-02T12:51:00Z,"It is impossible for me to review Rockar until delivery of my vehicle has taken place, which is not for 14 weeks !",3,Rockar
228,Mickael,VEry good service,en,2018-10-01T16:12:20Z,Made me feel at easy - staff are not commissioned based so won‚Äôt try to sell you things you don‚Äôt need,5,Rockar
229,Steven,A very pleasant hassle free‚Ä¶,en,2018-09-24T09:12:31Z,"A very pleasant hassle free straightforward experience, Lauren was very helpful and accommodating when dealing with my purchase.",5,Rockar
230,Bright ,Excellent customer service and easy to‚Ä¶,en,2018-09-23T09:46:15Z,Excellent customer service and easy to use online service,5,Rockar
231,Ian Coburn,Great place to but a car,en,2018-09-19T19:49:06Z,"Nice , well informed staff. Decent way to but a car",5,Rockar
232,Simon,Great service from Holly,en,2018-09-17T22:23:33Z,"Great service from Holly, and the online portal for the sale process is fantastic.  So much better than the traditional way.",5,Rockar
233,Tina,"Great service, breath of fresh air!",en,2018-09-17T16:50:52Z,"Great so far, no car yet however knew there would be a wait, great contact from the start, so easy almost felt/ feels to good to be true. Very easy to deal with on the internet, web site easy to navigate and when calling the show room everyone great. Holly was attentive and informative and any email re the schedule is dealt with almost immediately. Having, called, visited and researched  lots of dealers this is by far the best experience, most definitely recommended, keep it up.....until and after delivery/ collection day and everything will have been perfect.",5,Rockar
234,Mr Richard Starkey,Sceptical At First But .......,en,2018-09-13T08:35:38Z,"Only just entered the buying process so can only speak for the ordering side of things.

I was sceptical at first, as I thought the website might be a scam to get the deposit money.

I received an online quote and was amazed by the VERY competitive price. (you know what they say .... ""if it seems too good to be true"" ......) 

I decided to visit the 'Showroom' (read 'Shop') in Westfield Shopping Centre, Stratford and it IS there and all above board, with very helpful and knowledgeable staff.

I have to say ... ""It wasn't too good to be true""

I'm now looking forward to my new car.",5,Rockar
235,Paul Christian,A breath of fresh air - car buying without the sleazy salesman,en,2018-09-12T11:04:17Z,"Great website, great support line, great service. Take full control of your car buying experience and don‚Äôt feel like you haven‚Äôt been given the full picture or the best deal.",5,Rockar
236,Vik,Incorrect information on website about‚Ä¶,en,2018-09-11T21:23:15Z,Incorrect information on website about Drive pack in SE.,1,Rockar
237,Richard Servidei,Rock Stars and five stars for Rockar!,en,2018-09-11T09:59:30Z,"Having visited several car showroom dealerships looking for a new vehicle, i had met with a handful of various salespeople.  Unfortunately i left each occasion very dissatisfied with the service and did not feel as though i was getting the answers to the various questions i had.

With a leap of faith i called Rockar to see what it was like buying a car online with a bit of help over the phone.  Will Coyle helped me out along the way and i cannot believe i have never bought a car like this before.  Potentially one of the easiest online transactions i have placed and by far the most enjoyable car buying experience i have gone through.  I was shocked at how straightforward the process was and delighted by the fact that Will was able to answer all of my questions swiftly.  

I would highly recommend Rockar and process of buying online.",5,Rockar
238,peterm,An excellent service,en,2018-09-11T08:53:37Z,"An excellent service , fast and efficient",5,Rockar
239,Steven,Rocker takes the hassle out of buying a car,en,2018-09-11T08:50:50Z,"Rocker takes the hassle out of buying a car. No haggling, just great prices and easy to use. 
Their quote beat any car salesman‚Äôs offer and it was pain free.",5,Rockar
240,Hassan,Really pleased with how helpful the‚Ä¶,en,2018-09-10T20:24:10Z,Really pleased with how helpful the staff was from the time I first walked in to the time I ordered the car a week later.,5,Rockar
241,Sarah-,Great service so far!,en,2018-09-10T19:07:04Z,"Will called when he said he would, and on the one occasion he didn‚Äôt was very apologetic and gave the reason.  Explained well how ordering online worked etc",4,Rockar
242,Ian,Hassle free car buying!,en,2018-09-10T10:47:53Z,"Simple, straightforward and hassle free way to buy a car.  Easy to use finance and part exchange calculator.  Would highly recommend.",5,Rockar
243,Nicole,Excellent service from start to finish‚Ä¶,en,2018-09-10T09:46:26Z,Excellent service from start to finish .... and an excellent overall price. Can't fault them,5,Rockar
244,Michelle,They made it so easy,en,2018-09-08T11:01:55Z,"They made it so easy

Answered my questions

Would recommend as a modern way to buying a new car!!",5,Rockar
245,Andrew,The new and better way to buy a car,en,2018-09-08T09:27:59Z,"A refreshing alternative to the antiquated and pompous experience of visiting a car showroom. Didn‚Äôt visit them in person and dealt on the phone with Will, a very helpful customer experience guy, car ordered online with no hassle. Online system allows for car configuration build (slightly buggy but their IT guys will sort in no time). As well as a positive customer experience, the cheapest APR and dealer contribution on the sreeet. Very transparent model.",5,Rockar
246,Michael,Very helpful and straightforward.,en,2018-09-07T20:46:52Z,Very helpful and straightforward.,5,Rockar
247,Jaina Bejoy-Nair,The team was very accommodating and‚Ä¶,en,2018-09-06T10:49:04Z,"The team was very accommodating and dealt with many of my phone calls! I spoke with Will Coyle, who explained the process and dealt with all my queries patiently. I also spoke with Chris (unsure of surname) in Customer Service, who also dealt with all my queries patiently. Excellent service, both had made sure that we were able to get our new car on our preferred days. 

Using the online way of purchase was great and easy. I was able to check on what was happening and what the next steps were. I also think that uploading all the relevant documents were a great way of getting the paperwork done too.

Just one small comment, I was told that I would not be able to get a drive away insurance cover because the car was ""registered"", I thought all cars were registered, new or old. Anyhow, Chris gave me the telephone number for the land rover insurance department and they said that I am entitled and was unsure why I was told this.  Nevertheless, I have now got cover for 7 days!  

Thank you Will and Chris at Rockar for all your help.",5,Rockar
248,darren murphy,Easy to order,en,2018-08-20T21:39:16Z,"Easy to order 
Now waiting for paperwork and see if meets delivery date",4,Rockar
249,Matt Freeman (Southend Essex),Excellent very friendly helpful none‚Ä¶,en,2018-08-20T19:30:10Z,Excellent very friendly helpful none pushy staff. Second to none.,5,Rockar
250,Bl√§eke Downie,Great relaxed experience,en,2018-08-20T17:55:26Z,"All the team were very helpful and there was definitely no ‚Äúsales talk‚Äù we were able to come to an informed decision by ourselves in a relaxed environment having test driven the car alone. We weren‚Äôt planning on buying a car that day, but it was a great deal and just came naturally. Joshua was particularly helpful and friendly. All in all a great experience!",5,Rockar
251,Michael McGloin,This is a good way to buy a car,en,2018-08-13T15:36:29Z,"This is a good way to buy a car. It's very factual and the deals and costs of the car are laid out clearly.  We had been searching for a very specific car for some time. Once we had decided after visiting showrooms, it is at this point that we were made aware of Rockar, through CarWow.  They had a better deal than anyone could match and were still able to select the features we wanted, just as if we were at a dealership.
We still have to get the car, as it is being made. However, we have had regular updates on progress and there is a delivery service, which will take a lot of the hassle out of it when we get to that point.
Having bought a new car a just over a year ago, I was aware of the considerable amount of time the process can take. This seemed very time efficient.
Ultimately, a car purchase is big, whichever way you pay for it. You still need to make sure of the car you want and it's specification. The only way to do this is go and have a look and test drive some, check the guides and reviews, get to understand the price of what you want and deals available. When you are at this point, check out CarWow and Rockar. So far we have not been disappointed.",5,Rockar
252,Steve,I DEALT WITH WILL COYLE,en,2018-08-10T11:18:04Z,I DEALT WITH WILL COYLE AT ROCKAR  HE HAS BEEN FANTASTIC VERY HELPFUL AND SO KNOWLEDGEABLE AND PATIENT AND EXPLAINED EVERY DETAIL OF MY BUILD OF RANGE ROVER SPORT AND MY DELIVERY IS DUE IN LATE DECEMBER WELL DONE WILL,5,Rockar
253,David O'Rourke,Excellent service,en,2018-08-10T09:44:57Z,"Excellent service, clear pricing, no haggling necessary, best price you will find anywhere! I would and have recommended Rockar to everyone.",5,Rockar
254,E C OULTON,We dealt with Will Coyle & he has been‚Ä¶,en,2018-08-08T16:25:48Z,"We dealt with Will Coyle & he has been superb, nothing was too difficult. Top marks, thank you",5,Rockar
255,Anthony Way,An excellent service restored,en,2018-08-07T03:31:42Z,"An excellent service restored. After a difficult start, Rockar seems to have rectified its customer service problems. I am appreciative of the attention given to fill my order, and look forward to receiving the Range Rover that I have ordered.

This company has satisfactorily rectified its previous problem",5,Rockar
256,Niroo Rad,Superb service by Holly from initial‚Ä¶,en,2018-08-06T15:06:25Z,Superb service by Holly from initial enquiry all the way through to purchase.,5,Rockar
257,Ian,Customer focued support,en,2018-08-03T20:47:32Z,"Recently ordered a Range Rover from Rockar. Great support from Claudia. Visited the showroom to help make my final choices. Claudia was very helpful and let me know about a special offer on one of the accessories I wanted. Placed order online again with the help from Claudia who added the discount code even outside normal working hours.

Great clear discount and puts to shame the level of service which my local Land Rover dealer provides.",5,Rockar
258,Jon,"Better info, better finance, better discounts. Just....‚ÄôBetter‚Äô!",en,2018-08-02T12:27:57Z,"I really appreciated the concept of ‚ÄòAngels‚Äô rather than sales people, who informed and assisted in a non-pushy manner.  It‚Äôs what makes Rockar stand out from other main dealers. 

Oh, and the 4.90% APR finance deals too. 

And of course Rockar are the only main Land Rover dealers I spoke to who would give a discount from list price.

All in all, and excellent and pain free experience - it‚Äôs the future business model of aspiration!",5,Rockar
259,garry,"So far, so very good...",en,2018-07-26T06:59:29Z,"I used Carwow to get a price for a Range Rover Sport PHEV and Rockar were the only dealer offering a discount due to the car being a new model. I called Will and he explained how Rockar works. 

He is very knowledgeable and patient and I guess because of the disruptive nature of this company has to endure questions like mine to ensure this company is for real. I placed my order within a couple of  days of first finding Rockar and will save in total about ¬£5.5k versus what other dealers wanted to charge from Carwow.

I will update this review in November when my car is delivered, but so far, so very good...",5,Rockar
260,Anthony Dolman,Only Just ordered a RR Sport so cant‚Ä¶,en,2018-07-24T12:02:37Z,"Only Just ordered a RR Sport so cant comment on the overall experience yet
But I must say Will Coyle has fantastic patience, and will answer any question no matter how silly or even how many times you ask it, with good humor and professionalism 
Well Done Will",5,Rockar
261,Anthony Lipschitz,Excellent service .no hassle,en,2018-07-21T10:24:37Z,Excellent service .no hassle. Wouldn't bother going to high street dealership. The future of car purchasing,5,Rockar
262,Laco,Brilliant customer service,en,2018-07-13T20:58:16Z,Brilliant customer service,5,Rockar
263,Goran,Very proffesional people,en,2018-07-12T13:40:28Z,"Very proffesional people. Great experience from first enquiry to ordering the car. Best deal in the market Pleasure to do bussines withh and higly recommended. Enquired, got car configured had finance proposed and accepted all in one day. Simply 10 out of 10",5,Rockar
264,Mr Green,Range Rover Evoque,en,2018-07-09T14:35:16Z,Following a far from good experience with a local established Range Rover dealer we used the online process with Rockar. The filters make it simple to find the right deals. It was SO simple that for confirmation we contacted customer service to make sure. The customer service rep was very knowledgeable and helpful. His manner confirmed to us that we were dealing with a professional dealership and our order was placed.,5,Rockar
265,Vernon,Staff are approachable,en,2018-07-08T06:50:25Z,"Staff are approachable, accommodating, straight forward. Just the interest at the bottom of the summary that surprised me in the end.",5,Rockar
266,Mete,The service levels were exceptional and‚Ä¶,en,2018-07-04T16:10:53Z,The service levels were exceptional and that is all credit to Will who assisted me throughout the process from beginning to end. He was extremely helpful throughout and would highly recommend Rockar and Will in particular. He made the whole process of buying a new car really easy and stress free,5,Rockar
267,Yen,Real people,en,2018-07-03T21:29:33Z,Real people. No hard sell,5,Rockar
268,Holly,Excellent friendly service,en,2018-07-02T15:54:18Z,Excellent friendly service. I would recommend to everyone.,5,Rockar
269,Neve Taylor,Rockar ROCKS!!!,en,2018-06-25T08:00:20Z,"I was recommended Rockar by a colleague after a bad experience at 2 Landrover dealer shops and my the truly exceeded my expectations.  Apart from offering the best deal on the market for my Evoque Dynamic (by a long way) the service I received was exceptional and beyond my expectations.  

Whilst on the phone the car I had chosen was sold to someone else and Holly and Chris went over the odds to find me an even better car, I can't stress how hard they worked to get me my dream car, the service was attentive and honest.  They reached deep in to the business to get the outcome they wanted and I really felt that everyone at Rockar really cared about my outcome!  

The delivery was a dream and handled with expertise, all questions skillfully answered and it was a great experience to take possession of my beautiful new car.

Even my experience with Rockar service team was exceptional when my touchscreen required a small update for an intermittent bug - Lenny was so helpful, going over the odds to help me as quickly as possible and doing a lot of extra leg work behind the scenes to find a solution for me without me having to chase it up - he even called to see how things were a a follow up and to reassure that they are there to help if I need it.

This should be the ONLY way to buy a Landrover.
I'm so grateful for all the effort and care Rockar have shown me - I'm a customer for life!",5,Rockar
270,Sue,Great deal and service - highly recommended,en,2018-06-18T09:52:34Z,"Great service and simple, stress-free ordering process. Rockar offered by far the best price and ordering was so easy. Staff really friendly, with quick response to emails. Would definitely recommend.",5,Rockar
271,Keith,Landrover Discovery Sport,en,2018-06-15T10:02:01Z,We found Ryan at Westfield helpful and knowledgeable. Having shopped around at other Landrover dealers Rockar offered the best price and fastest delivery.  The online quotation process and no nonsense approach to pricing puts traditional dealers to shame.,5,Rockar
272,Joshua,Professional and easy,en,2018-06-15T08:25:36Z,Professional and easy,5,Rockar
273,Gerry ,Thank you Will Coyle and all the team at‚Ä¶,en,2018-06-11T21:08:28Z,"Thank you Will Coyle and all the team at Rockar for guiding me through the purchase of my new car.  Nothing was too much trouble, I would highly recommend them.",5,Rockar
274,Alex Thomson,A great deal and a much less stressful‚Ä¶,en,2018-06-07T11:24:45Z,A great deal and a much less stressful way of purchasing a new Discovery Sport.  Will Coyle provided excellent support and information and was available (on multiple occasions) to answer questions over the phone and was very helpful in completing the ordering and purchase process.,5,Rockar
275,G Hallan,Helpful team,en,2018-06-05T07:02:37Z,Helpful team,5,Rockar
276,Keith,Excellent service from dedicated staff,en,2018-06-04T20:08:32Z,Replied within hours of all my many questions; gave personalised answers even over the bank-holiday weekend; easy-to-use web-based service that already shows discount available. No need to go into showroom ... a huge help for those of us busy during normal opening hours.,5,Rockar
277,Mike,"Rockar, a breath of fresh air.",en,2018-06-04T16:30:26Z,"Will was excellent, which made the transaction very painless.

Never thought I would buy an ¬£110,000 car over the web, but I would recommend everyone thinking about purchasing any Land Rover car to try these guys.

Mike",5,Rockar
278,Nick,So far so good!,en,2018-06-04T12:14:56Z,"So far, so good! Ordering process has gone well. The Rockar team communicate well and answer all questions clearly and patiently. They offered a discount on my purchase with a fair price for my part exchange. Delivery is due in September, hope the end of the process is as good as the start!",5,Rockar
279,Simon,I‚Äôve just purchased a new Range Rover‚Ä¶,en,2018-06-02T13:28:48Z,"I‚Äôve just purchased a new Range Rover Sport, 
Offered the best PCP deal in the Uk 
Excellent customer service, I‚Äôve been dealing with Holly who has been fantastic, very professional and accommodating. Nothing has been to much trouble.
Would highly recommend Rockar to family and friends",5,Rockar
280,Glyn Edwards,Excellent service,en,2018-05-31T10:55:31Z,Excellent service,5,Rockar
281,Nigel ,Nice easy and effective way to order a‚Ä¶,en,2018-05-26T15:32:34Z,Nice easy and effective way to order a car but the website could explain the process a bit better. I called to check a few things and service was great,4,Rockar
282,Ray Palline,Great service from start to‚Ä¶,en,2018-05-25T17:25:03Z,"Great service from start to finish,highly recommended",5,Rockar
283,Mr George Cullen,I have had an excellent handover from‚Ä¶,en,2018-05-25T11:44:15Z,"I have had an excellent handover from Neil and Ollie 
and even though they drove from London to Portsmouth both were happy to spend 2 hours completing a successful handover in detail. I recommend online car buying as the future.",5,Rockar
284,Michael Hedley,Fantastic Expereince,en,2018-05-18T10:59:58Z,"I really didn't know about buying a car online before, especially one with a high value. The experience though has been superb with help every step of the way. At no point did I ever feel being 'sold' to and have always received guidance with any questions I had.

The final delivery of the car was exactly as promised, all aspects of the car's operation were explained to me, and I am very happy with my purchase.",5,Rockar
285,Colin,A professional service throughout the‚Ä¶,en,2018-05-11T20:18:25Z,"A professional service throughout the whole process of purchasing a new car, thank you.",5,Rockar
286,Andrew/Sophie,Range Rover Sport Autobiography,en,2018-05-08T18:36:38Z,I got a ¬£3400 discount compared with my Local Dealership and can't fault the service and communication from Rockar and Amy in particular.,5,Rockar
287,Nilesh Sojitra,Great experience so far,en,2018-05-04T15:14:35Z,Great experience so far,5,Rockar
288,Steph,excellent service,en,2018-05-02T14:39:39Z,"excellent service, fantastic team!",5,Rockar
289,Lisha,Great service from start to finish!,en,2018-04-30T15:07:25Z,"Great service from start to finish from the team!

I will definitely be recommending them. Everything happened very swiftly. My car was recently written off & I wanted to be back on the roads as soon as possible. They were able to meet my needs with a great deal!

I especially liked the fact I got a free home delivery & hand over.

Very happy with the car & service I received!",5,Rockar
290,James,Prompt efficient teamwork,en,2018-04-30T12:40:52Z,Prompt efficient teamwork,5,Rockar
291,Will,Friendly staff,en,2018-04-30T12:30:44Z,Friendly staff. Good communication. Loved the ability to go for a solo test drive. No pressure to buy.,5,Rockar
